stockcode,stockname,time,announcementTitle,docturl
000668,荣丰控股,2023-02-20 08:04:31,荣丰控股集团关于重大资产出售暨关联交易的一般风险提示性公告,http://static.cninfo.com.cn/finalpage/2023-02-20/1215900825.PDF
002425,凯撒文化,2023-02-20 00:00:00,关于股价异常波动的公告,http://static.cninfo.com.cn/finalpage/2023-02-20/1215887782.PDF
002021,ST中捷,2023-02-20 00:00:00,关于立案调查事项进展暨风险提示的公告,http://static.cninfo.com.cn/finalpage/2023-02-20/1215887676.PDF
002728,特一药业,2023-02-20 00:00:00,股票交易异常波动公告,http://static.cninfo.com.cn/finalpage/2023-02-20/1215887674.PDF
001255,博菲电气,2023-02-20 00:00:00,股票交易异常波动公告,http://static.cninfo.com.cn/finalpage/2023-02-20/1215887002.PDF
001979,招商蛇口,2023-02-18 00:00:00,招商局蛇口工业区控股股份有限公司董事会关于资产重组的一般风险提示公告,http://static.cninfo.com.cn/finalpage/2023-02-18/1215890792.PDF
603393,新天然气,2023-02-18 00:00:00,新天然气-关于重大资产重组的一般风险提示公告,http://static.cninfo.com.cn/finalpage/2023-02-18/1215890112.PDF
688555,*ST泽达,2023-02-18 00:00:00,关于公司股票可能被实施重大违法强制退市的第十三次风险提示公告,http://static.cninfo.com.cn/finalpage/2023-02-18/1215889028.PDF
600311,*ST荣华,2023-02-18 00:00:00, 甘肃荣华实业（集团）股份有限公司关于公司股票可能被终止上市的第六次风险提示公告,http://static.cninfo.com.cn/finalpage/2023-02-18/1215887749.PDF
688360,德马科技,2023-02-18 00:00:00,德马科技集团股份有限公司关于发行股份及支付现金购买资产暨关联交易一般风险提示公告,http://static.cninfo.com.cn/finalpage/2023-02-18/1215887655.PDF
600139,*ST西源,2023-02-18 00:00:00,西部资源关于公司股票可能因股价低于面值被终止上市的风险提示公告,http://static.cninfo.com.cn/finalpage/2023-02-18/1215887615.PDF
688086,*ST紫晶,2023-02-18 00:00:00,关于公司股票可能被实施重大违法强制退市的第十三次风险提示公告,http://static.cninfo.com.cn/finalpage/2023-02-18/1215887389.PDF
600726,*ST华源,2023-02-18 00:00:00,关于公司股票可能被终止上市的第三次风险提示公告,http://static.cninfo.com.cn/finalpage/2023-02-18/1215886319.PDF
300459,汤姆猫,2023-02-17 19:04:57,股票交易异常波动公告,http://static.cninfo.com.cn/finalpage/2023-02-17/1215889001.PDF
300297,*ST蓝盾,2023-02-17 00:00:00,关于公司股票及可转债可能被终止上市的风险提示公告,http://static.cninfo.com.cn/finalpage/2023-02-17/1215883028.PDF
600449,宁夏建材,2023-02-17 00:00:00,宁夏建材股票交易风险提示公告,http://static.cninfo.com.cn/finalpage/2023-02-17/1215880683.PDF
600666,*ST瑞德,2023-02-17 00:00:00,*ST瑞德股票交易异常波动公告,http://static.cninfo.com.cn/finalpage/2023-02-17/1215880465.PDF
001314,亿道信息,2023-02-17 00:00:00,关于股票交易异常波动的公告,http://static.cninfo.com.cn/finalpage/2023-02-17/1215880438.PDF
603278,大业股份,2023-02-17 00:00:00,大业股份关于非公开发行A股股票摊薄即期回报的风险提示、填补措施及相关主体承诺的公告,http://static.cninfo.com.cn/finalpage/2023-02-17/1215880340.PDF
300330,*ST计通,2023-02-17 00:00:00,关于公司股票可能被实施重大违法强制退市的风险提示公告,http://static.cninfo.com.cn/finalpage/2023-02-17/1215880115.PDF
600532,*ST未来,2023-02-17 00:00:00,上海智汇未来医疗服务股份有限公司股票交易异常波动公告,http://static.cninfo.com.cn/finalpage/2023-02-17/1215880023.PDF
600139,*ST西源,2023-02-17 00:00:00,西部资源关于公司股票可能因股价低于面值被终止上市的风险提示公告,http://static.cninfo.com.cn/finalpage/2023-02-17/1215879696.PDF
002168,惠程科技,2023-02-17 00:00:00,关于公司股票交易异常波动的公告,http://static.cninfo.com.cn/finalpage/2023-02-17/1215879559.PDF
001339,智微智能,2023-02-17 00:00:00,股票交易异常波动公告,http://static.cninfo.com.cn/finalpage/2023-02-17/1215879473.PDF
600825,新华传媒,2023-02-17 00:00:00,股票交易异常波动公告,http://static.cninfo.com.cn/finalpage/2023-02-17/1215879314.PDF
600311,*ST荣华,2023-02-17 00:00:00,甘肃荣华实业（集团）股份有限公司关于公司股票可能被终止上市的第五次风险提示公告,http://static.cninfo.com.cn/finalpage/2023-02-17/1215879048.PDF
002970,锐明技术,2023-02-17 00:00:00,关于股票交易异常波动公告,http://static.cninfo.com.cn/finalpage/2023-02-17/1215879012.PDF
688772,珠海冠宇,2023-02-17 00:00:00,关于可转债投资者适当性要求的风险提示性公告,http://static.cninfo.com.cn/finalpage/2023-02-17/1215878344.PDF
002417,*ST深南,2023-02-16 00:00:00,股票交易异常波动公告,http://static.cninfo.com.cn/finalpage/2023-02-16/1215873822.PDF
688787,海天瑞声,2023-02-16 00:00:00,海天瑞声股票交易异常波动暨风险提示的公告,http://static.cninfo.com.cn/finalpage/2023-02-16/1215873675.PDF
002792,通宇通讯,2023-02-16 00:00:00,股票交易异常波动公告,http://static.cninfo.com.cn/finalpage/2023-02-16/1215873469.PDF
003004,声迅股份,2023-02-16 00:00:00,可转换公司债券交易异常波动公告,http://static.cninfo.com.cn/finalpage/2023-02-16/1215873248.PDF
000977,浪潮信息,2023-02-16 00:00:00,股票交易异常波动公告,http://static.cninfo.com.cn/finalpage/2023-02-16/1215873113.PDF
600449,宁夏建材,2023-02-16 00:00:00,宁夏建材股票交易异常波动公告,http://static.cninfo.com.cn/finalpage/2023-02-16/1215872838.PDF
600311,*ST荣华,2023-02-16 00:00:00,甘肃荣华实业（集团）股份有限公司关于公司股票可能被终止上市的第四次风险提示公告,http://static.cninfo.com.cn/finalpage/2023-02-16/1215872565.PDF
688301,奕瑞科技,2023-02-16 00:00:00,奕瑞科技关于可转债投资者适当性要求的风险提示性公告,http://static.cninfo.com.cn/finalpage/2023-02-16/1215872413.PDF
000635,英 力 特,2023-02-16 00:00:00,股票交易异常波动公告,http://static.cninfo.com.cn/finalpage/2023-02-16/1215872305.PDF
002751,*ST易尚,2023-02-16 00:00:00,关于公司股票可能被终止上市的风险提示公告,http://static.cninfo.com.cn/finalpage/2023-02-16/1215872070.PDF
002117,东港股份,2023-02-16 00:00:00,股票交易异常波动公告,http://static.cninfo.com.cn/finalpage/2023-02-16/1215872004.PDF
600139,*ST西源,2023-02-16 00:00:00,西部资源股票交易异常波动暨风险提示公告,http://static.cninfo.com.cn/finalpage/2023-02-16/1215871916.PDF
600139,*ST西源,2023-02-16 00:00:00,西部资源关于公司股票可能因股价低于面值被终止上市的风险提示公告,http://static.cninfo.com.cn/finalpage/2023-02-16/1215871914.PDF
002089,*ST新海,2023-02-16 00:00:00,股票交易异常波动公告,http://static.cninfo.com.cn/finalpage/2023-02-16/1215871738.PDF
605389,长龄液压,2023-02-16 00:00:00,江苏长龄液压股份有限公司股票交易异常波动公告,http://static.cninfo.com.cn/finalpage/2023-02-16/1215871567.PDF
002971,和远气体,2023-02-16 00:00:00,关于股票交易异常波动的公告,http://static.cninfo.com.cn/finalpage/2023-02-16/1215871543.PDF
002870,香山股份,2023-02-16 00:00:00,股价交易异常波动公告,http://static.cninfo.com.cn/finalpage/2023-02-16/1215871406.PDF
001260,坤泰股份,2023-02-16 00:00:00,上市首日风险提示公告,http://static.cninfo.com.cn/finalpage/2023-02-16/1215870334.PDF
300491,通合科技,2023-02-15 19:02:26,股票交易异常波动公告,http://static.cninfo.com.cn/finalpage/2023-02-15/1215872684.PDF
002366,*ST海核,2023-02-15 00:00:00,关于公司股票可能被终止上市的风险提示公告,http://static.cninfo.com.cn/finalpage/2023-02-15/1215865087.PDF
002113,ST天润,2023-02-15 00:00:00,股票交易异常波动公告,http://static.cninfo.com.cn/finalpage/2023-02-15/1215864819.PDF
002150,通润装备,2023-02-15 00:00:00,关于披露重组报告书（草案）暨一般风险提示性公告,http://static.cninfo.com.cn/finalpage/2023-02-15/1215864749.PDF
000752,*ST西发,2023-02-15 00:00:00,西藏发展股份有限公司股票交易异常波动公告,http://static.cninfo.com.cn/finalpage/2023-02-15/1215864699.PDF
688779,长远锂科,2023-02-15 00:00:00,湖南长远锂科股份有限公司关于可转债投资者适当性要求的风险提示性公告,http://static.cninfo.com.cn/finalpage/2023-02-15/1215864127.PDF
600532,*ST未来,2023-02-15 00:00:00,上海智汇未来医疗服务股份有限公司股票可能被终止上市的第二次风险提示公告,http://static.cninfo.com.cn/finalpage/2023-02-15/1215864033.PDF
000584,哈工智能,2023-02-15 00:00:00,股票交易异常波动公告,http://static.cninfo.com.cn/finalpage/2023-02-15/1215863624.PDF
002089,*ST新海,2023-02-15 00:00:00,股票交易异常波动公告,http://static.cninfo.com.cn/finalpage/2023-02-15/1215863620.PDF
002740,ST爱迪尔,2023-02-15 00:00:00,关于股票交易可能被实施退市风险警示的第二次提示性公告,http://static.cninfo.com.cn/finalpage/2023-02-15/1215863498.PDF
600378,昊华科技,2023-02-15 00:00:00,昊华科技关于重大资产重组事项的一般风险提示公告,http://static.cninfo.com.cn/finalpage/2023-02-15/1215863439.PDF
603701,德宏股份,2023-02-15 00:00:00,浙江德宏汽车电子电器股份有限公司股票交易异常波动公告,http://static.cninfo.com.cn/finalpage/2023-02-15/1215863274.PDF
688323,瑞华泰,2023-02-15 00:00:00,瑞华泰关于可转债投资者适当性要求的风险提示性公告,http://static.cninfo.com.cn/finalpage/2023-02-15/1215863128.PDF
600139,*ST西源,2023-02-15 00:00:00,西部资源关于公司股票可能因股价低于面值被终止上市的风险提示公告,http://static.cninfo.com.cn/finalpage/2023-02-15/1215863097.PDF
600666,*ST瑞德,2023-02-15 00:00:00,*ST瑞德关于股票交易的风险提示公告,http://static.cninfo.com.cn/finalpage/2023-02-15/1215863014.PDF
600311,*ST荣华,2023-02-15 00:00:00,甘肃荣华实业（集团）股份有限公司关于公司股票可能被终止上市的第三次风险提示公告,http://static.cninfo.com.cn/finalpage/2023-02-15/1215863013.PDF
000410,*ST沈机,2023-02-15 00:00:00,关于公司股票可能被终止上市的第二次风险提示公告,http://static.cninfo.com.cn/finalpage/2023-02-15/1215862785.PDF
300264,佳创视讯,2023-02-15 00:00:00,关于尚未聘任会计师事务所的风险提示公告,http://static.cninfo.com.cn/finalpage/2023-02-15/1215862602.PDF
002626,金达威,2023-02-15 00:00:00,股票交易异常波动公告,http://static.cninfo.com.cn/finalpage/2023-02-15/1215862459.PDF
688148,芳源股份,2023-02-15 00:00:00,芳源股份关于可转债投资者适当性要求的风险提示性公告,http://static.cninfo.com.cn/finalpage/2023-02-15/1215862433.PDF
300309,*ST吉艾,2023-02-14 18:12:24,关于公司股票可能被终止上市的第七次风险提示性公告,http://static.cninfo.com.cn/finalpage/2023-02-14/1215863630.PDF
301161,唯万密封,2023-02-14 16:56:25,股票交易异常波动的公告,http://static.cninfo.com.cn/finalpage/2023-02-14/1215862678.PDF
002781,*ST奇信,2023-02-14 00:00:00,关于公司股票可能被终止上市的风险提示公告,http://static.cninfo.com.cn/finalpage/2023-02-14/1215857696.PDF
300088,长信科技,2023-02-14 00:00:00,关于资产重组的一般风险提示公告,http://static.cninfo.com.cn/finalpage/2023-02-14/1215857664.PDF
002022,*ST 科华,2023-02-14 00:00:00,关于公司股票可能被终止上市的第二次风险提示性公告,http://static.cninfo.com.cn/finalpage/2023-02-14/1215857645.PDF
000995,*ST皇台,2023-02-14 00:00:00,关于公司股票可能被终止上市的风险提示公告,http://static.cninfo.com.cn/finalpage/2023-02-14/1215857626.PDF
002660,茂硕电源,2023-02-14 00:00:00,股票交易异常波动公告,http://static.cninfo.com.cn/finalpage/2023-02-14/1215857625.PDF
002076,*ST雪莱,2023-02-14 00:00:00,关于公司股票可能被终止上市的风险提示的补充公告,http://static.cninfo.com.cn/finalpage/2023-02-14/1215857347.PDF
600666,*ST瑞德,2023-02-14 00:00:00,*ST瑞德关于公司股票可能被终止上市的第二次风险提示公告,http://static.cninfo.com.cn/finalpage/2023-02-14/1215857340.PDF
600767,*ST运盛,2023-02-14 00:00:00,运盛医疗：关于公司股票可能被终止上市的第二次风险提示公告,http://static.cninfo.com.cn/finalpage/2023-02-14/1215857193.PDF
200152,*ST山航B,2023-02-14 00:00:00,公司股票可能被终止上市的风险提示公告,http://static.cninfo.com.cn/finalpage/2023-02-14/1215857169.PDF
002089,*ST新海,2023-02-14 00:00:00,关于公司股票可能被实施重大违法强制退市的第四次风险提示公告,http://static.cninfo.com.cn/finalpage/2023-02-14/1215857168.PDF
600781,*ST辅仁,2023-02-14 00:00:00,*ST辅仁 关于公司股票可能被终止上市的第二次风险提示公告,http://static.cninfo.com.cn/finalpage/2023-02-14/1215857065.PDF
002485,*ST雪发,2023-02-14 00:00:00,关于公司股票可能被终止上市的风险提示公告,http://static.cninfo.com.cn/finalpage/2023-02-14/1215857004.PDF
688416,恒烁股份,2023-02-14 00:00:00,股票交易异常波动公告,http://static.cninfo.com.cn/finalpage/2023-02-14/1215856992.PDF
300301,*ST长方,2023-02-14 00:00:00,关于公司股票可能被终止上市的风险提示公告,http://static.cninfo.com.cn/finalpage/2023-02-14/1215856749.PDF
000584,哈工智能,2023-02-14 00:00:00,股票交易异常波动公告,http://static.cninfo.com.cn/finalpage/2023-02-14/1215856683.PDF
002855,捷荣技术,2023-02-14 00:00:00,股票交易异常波动公告,http://static.cninfo.com.cn/finalpage/2023-02-14/1215856656.PDF
002380,科远智慧,2023-02-14 00:00:00,股票交易异常波动公告,http://static.cninfo.com.cn/finalpage/2023-02-14/1215856453.PDF
688086,*ST紫晶,2023-02-14 00:00:00,公司股票可能被终止上市的第二次风险提示公告,http://static.cninfo.com.cn/finalpage/2023-02-14/1215856426.PDF
000606,*ST顺利,2023-02-14 00:00:00,关于股票可能被终止上市的风险提示公告,http://static.cninfo.com.cn/finalpage/2023-02-14/1215856396.PDF
600139,*ST西源,2023-02-14 00:00:00,西部资源关于公司股票可能因股价低于面值被终止上市的风险提示公告,http://static.cninfo.com.cn/finalpage/2023-02-14/1215856109.PDF
000150,*ST宜康,2023-02-14 00:00:00,股票可能被终止上市的第二次风险提示公告,http://static.cninfo.com.cn/finalpage/2023-02-14/1215856094.PDF
002882,金龙羽,2023-02-14 00:00:00,股票交易异常波动公告,http://static.cninfo.com.cn/finalpage/2023-02-14/1215856089.PDF
002946,新乳业,2023-02-14 00:00:00,股票交易异常波动公告,http://static.cninfo.com.cn/finalpage/2023-02-14/1215856088.PDF
600654,*ST中安,2023-02-14 00:00:00,关于公司股票可能被终止上市的第二次风险提示公告,http://static.cninfo.com.cn/finalpage/2023-02-14/1215855959.PDF
003035,南网能源,2023-02-14 00:00:00,股票交易异常波动公告,http://static.cninfo.com.cn/finalpage/2023-02-14/1215855831.PDF
002316,*ST亚联,2023-02-14 00:00:00,关于公司股票可能被终止上市的风险提示公告,http://static.cninfo.com.cn/finalpage/2023-02-14/1215855726.PDF
002052,*ST同洲,2023-02-14 00:00:00,关于股票可能被终止上市的风险提示公告,http://static.cninfo.com.cn/finalpage/2023-02-14/1215855606.PDF
000038,*ST大通,2023-02-14 00:00:00,关于尚未聘请会计师事务所的风险提示公告,http://static.cninfo.com.cn/finalpage/2023-02-14/1215855532.PDF
000038,*ST大通,2023-02-14 00:00:00,关于公司股票可能被终止上市的风险提示公告,http://static.cninfo.com.cn/finalpage/2023-02-14/1215855531.PDF
002229,鸿博股份,2023-02-14 00:00:00,关于股价异动的公告,http://static.cninfo.com.cn/finalpage/2023-02-14/1215855528.PDF
688309,*ST恒誉,2023-02-14 00:00:00,关于公司股票可能被终止上市的风险提示公告,http://static.cninfo.com.cn/finalpage/2023-02-14/1215855482.PDF
002177,*ST御银,2023-02-14 00:00:00,关于公司股票可能被终止上市的风险提示公告,http://static.cninfo.com.cn/finalpage/2023-02-14/1215855414.PDF
600182,S*ST佳通,2023-02-14 00:00:00,佳通轮胎股份有限公司关于公司股票可能被终止上市的第二次风险提示公告,http://static.cninfo.com.cn/finalpage/2023-02-14/1215855213.PDF
002417,*ST深南,2023-02-14 00:00:00,关于公司股票可能被终止上市的风险提示性公告,http://static.cninfo.com.cn/finalpage/2023-02-14/1215855113.PDF
002411,*ST必康,2023-02-14 00:00:00,关于公司股票存在终止上市风险的提示性公告,http://static.cninfo.com.cn/finalpage/2023-02-14/1215855066.PDF
001314,亿道信息,2023-02-14 00:00:00,深圳市亿道信息股份有限公司上市首日风险提示公告,http://static.cninfo.com.cn/finalpage/2023-02-14/1215855028.PDF
000806,*ST银河,2023-02-14 00:00:00,关于公司股票可能被终止上市的第二次风险提示公告,http://static.cninfo.com.cn/finalpage/2023-02-14/1215855026.PDF
603603,*ST博天,2023-02-14 00:00:00,博天环境集团股份有限公司关于公司股票可能被终止上市的第二次风险提示公告,http://static.cninfo.com.cn/finalpage/2023-02-14/1215854886.PDF
600601,*ST方科,2023-02-14 00:00:00,方正科技集团股份有限公司股票可能被终止上市的第二次风险提示公告,http://static.cninfo.com.cn/finalpage/2023-02-14/1215854883.PDF
002313,*ST日海,2023-02-14 00:00:00,关于公司股票可能被终止上市的第二次风险提示公告,http://static.cninfo.com.cn/finalpage/2023-02-14/1215854743.PDF
002076,*ST雪莱,2023-02-14 00:00:00,关于公司股票可能被终止上市的风险提示公告,http://static.cninfo.com.cn/finalpage/2023-02-14/1215854629.PDF
300340,科恒股份,2023-02-13 20:36:34,股价异动公告,http://static.cninfo.com.cn/finalpage/2023-02-13/1215857606.PDF
300114,中航电测,2023-02-13 19:50:29,股票交易异常波动及严重异常波动公告,http://static.cninfo.com.cn/finalpage/2023-02-13/1215857326.PDF
300108,*ST吉药,2023-02-13 18:28:29,吉药控股集团股份有限公司关于公司股票可能被终止上市的风险提示公告,http://static.cninfo.com.cn/finalpage/2023-02-13/1215856457.PDF
300370,*ST安控,2023-02-13 17:44:29,关于公司股票可能被终止上市的风险提示公告,http://static.cninfo.com.cn/finalpage/2023-02-13/1215856054.PDF
300356,*ST光一,2023-02-13 17:40:36,关于公司股票存在终止上市的第二次风险提示性公告,http://static.cninfo.com.cn/finalpage/2023-02-13/1215856011.PDF
300336,*ST新文,2023-02-13 17:34:29,关于公司股票可能被终止上市的第二次风险提示公告,http://static.cninfo.com.cn/finalpage/2023-02-13/1215855902.PDF
300297,*ST蓝盾,2023-02-13 16:48:20,关于公司股票及可转债可能被终止上市的风险提示公告,http://static.cninfo.com.cn/finalpage/2023-02-13/1215855300.PDF
000002,万科A,2023-02-13 00:00:00,关于非公开发行A股股票摊薄即期股东回报的风险提示及填补措施和相关主体承诺的公告,http://static.cninfo.com.cn/finalpage/2023-02-13/1215849298.PDF
600139,*ST西源,2023-02-13 00:00:00,西部资源关于公司股票可能被终止上市的第三次风险提示公告,http://static.cninfo.com.cn/finalpage/2023-02-13/1215849139.PDF
002781,*ST奇信,2023-02-13 00:00:00,股票交易异常波动公告,http://static.cninfo.com.cn/finalpage/2023-02-13/1215830574.PDF
002417,*ST深南,2023-02-13 00:00:00,股票交易异常波动公告,http://static.cninfo.com.cn/finalpage/2023-02-13/1215828732.PDF
002808,恒久科技,2023-02-13 00:00:00,股票交易异常波动公告,http://static.cninfo.com.cn/finalpage/2023-02-13/1215828350.PDF
300618,寒锐钴业,2023-02-11 00:00:00,关于2023年度向特定对象发行A股股票摊薄即期回报的风险提示及填补措施的公告,http://static.cninfo.com.cn/finalpage/2023-02-11/1215831683.PDF
688555,*ST泽达,2023-02-11 00:00:00,关于公司股票可能被实施重大违法强制退市的第十二次风险提示公告,http://static.cninfo.com.cn/finalpage/2023-02-11/1215831229.PDF
605389,长龄液压,2023-02-11 00:00:00,江苏长龄液压股份有限公司关于资产重组事项的一般风险提示暨公司股票复牌的提示性公告,http://static.cninfo.com.cn/finalpage/2023-02-11/1215830226.PDF
605108,同庆楼,2023-02-11 00:00:00,同庆楼餐饮股份有限公司股票交易异常波动公告,http://static.cninfo.com.cn/finalpage/2023-02-11/1215829650.PDF
688328,深科达,2023-02-11 00:00:00,关于可转债投资者适当性要求的风险提示性公告,http://static.cninfo.com.cn/finalpage/2023-02-11/1215829075.PDF
300201,*ST海伦,2023-02-11 00:00:00,关于公司股票可能被终止上市的风险提示性公告,http://static.cninfo.com.cn/finalpage/2023-02-11/1215827998.PDF
688186,广大特材,2023-02-11 00:00:00,关于可转债投资者适当性要求的风险提示性公告,http://static.cninfo.com.cn/finalpage/2023-02-11/1215827776.PDF
688086,*ST紫晶,2023-02-11 00:00:00,关于公司股票可能被实施重大违法强制退市的第十二次风险提示公告,http://static.cninfo.com.cn/finalpage/2023-02-11/1215827604.PDF
688096,京源环保,2023-02-11 00:00:00,关于可转债投资者适当性要求的风险提示性公告,http://static.cninfo.com.cn/finalpage/2023-02-11/1215827462.PDF
